{
 "name"         : "Search [COLOR FF0084FF]-[/COLOR] 1Channel ([COLOR FF0084FF]M[/COLOR])",
 "repository"   : "repository.tknorris.release",
 "plugin"       : "plugin.video.1channel",
 "priority"     : 900,
 "id"           : "search.1channel.m",
 "filters"      : {},
 "postprocess"  : "",
 "movies"       : [
  [
   {
    "link"      : "plugin://plugin.video.1channel/?section=movie&mode=Search&query={title}",
    "steps"     : [
     ".*{title}.*{year}.*"
     ],
    "action"    : "PLAY"
   }
  ]
 ],
 "tvshows"      : [
  [
   {
    "link"      : "plugin://plugin.video.1channel/?section=tv&mode=Search&query={clearname}",
    "steps"     : [
     ".*{clearname}.*{year}.*",
     ".*{season}",
     ".*x{episode} .*"
     ],
    "action"    : "PLAY"
   }
  ]
 ],
 "musicvideos"  : [],
 "music"        : [],
 "live"         : []
}
